Categorie	Denumire soi
Albă de masă	ALB DE SURUCENI
Albă de masă	VALIOK
Albă de masă	BOGATYANOVSKIJ
Albă de masă	KOZMA PALNE
Albă de masă	PREZENTABIL
Albă de masă	NOVII PODAROC ZAPOROJIE
Albă de masă	SUPER EXTRA
Albă de masă	PERLA DE ZALA
Albă de masă	ARKADIA
Albă de masă	MUSCAT DE PÖLÖSKEI
Albă de masă	PALATINA - SOI REZISTENT
Albă de masă	TEREZA
Albă de masă	ITALIA
Albă de masă	CHASSELAS DORE
Albă de masă	VICTORIA
Albă de vin	CRÂMPOȘIE SELECȚIONATĂ
Albă de vin	SOLARIS
Albă de vin	SOUVIGNIER GRIS
Albă de vin	RIESLING DE RHIN
Albă de vin	FURMINT
Albă de vin	BAKATOR
Albă de vin	CHARDONNAY
Albă de vin	IRSAI OLIVÉR
Albă de vin	PINOT GRIS
Albă de vin	ALETTA
Albă de vin	AROMATA DE CSERSZEG - SOI REZISTENT
Albă de vin	BIANCA
Albă de vin	TAMAIOASĂ ROMÂNEASCĂ
Albă de vin	MUSCAT OTTONEL
Albă de vin	TRAMINER ROZ
Albă de vin	SAUVIGNON BLANC
Albă de vin	RIESLING ITALIAN
Albă de vin	FETEASCĂ REGALĂ
Neagră de masă	ROMBIK
Neagră de masă	RUSLAN
Neagră de masă	MUSCAT D'ADDA
Neagră de masă	NEGRULEA
Neagră de masă	CODREANCA - SOI REZISTENT
Neagră de masă	MOLDOVA
Neagră de masă	NERO
Neagră de masă	MUSCAT DE HAMBURG
Roșie de masă	PODAROK NESVETAIA
Roșie de masă	ROSFOR
Roșie de masă	RED GLOBE
Roșie de masă	CHASSELAS ROSE
Roșie de masă	CARDINAL
Roșie de vin	BUSUIOACĂ DE BOHOTIN
Roșie de vin	NEGRU DE DRĂGĂȘANI
Roșie de vin	BURGUND MARE (KÉKFRANKOS)
Roșie de vin	TURAN
Roșie de vin	FETEASCĂ NEAGRĂ
Roșie de vin	MEDINA
Roșie de vin	MERLOT
Roșie de vin	CABERNET SAUVIGNON
Viță fără sâmburi	JUPITER
